segment,method,mse_mean
Early,mir,0.5991050120240394
Middle,mir,0.8800813903467097
Late,mir,0.7894734237256651
