segment,method,mse_mean
Early,frozen,1.257921997585787
Middle,frozen,1.4820924701409912
Late,frozen,0.2770578806740679
