segment,method,mse_mean
Early,frozen,1.2711407797571426
Middle,frozen,1.4980908715526606
Late,frozen,0.2739348179274478
