metric,mean,std,median,p90,count
ms_per_step,11.374531221698977,37.740413656784234,9.953849999874365,14.857640002446715,3978
samples_per_sec,97.5158296163574,19.971470103884894,100.46364012687148,120.7531131802843,3978
