segment,method,mse_mean
Early,solid,2.121005084706334
Middle,solid,1.060185619192276
Late,solid,1.0570340586519207
