segment,method,mse_mean
Early,online,0.05056120428311443
Middle,online,0.0456863338774828
Late,online,4.954816858730716
