segment,method,mse_mean
Early,er,0.45569311123412437
Middle,er,0.6229047361666683
Late,er,0.5703037263974994
