segment,method,mse_mean
Early,solid,2.0656678375592605
Middle,solid,2.566839298886053
Late,solid,0.5730302346358722
