segment,method,mse_mean
Early,derpp,1.7648690811612389
Middle,derpp,0.8526414137446519
Late,derpp,0.7583738137474831
