segment,method,mse_mean
Early,solid,0.6098488559177292
Middle,solid,0.8644004764773077
Late,solid,0.9130806109063738
