segment,method,mse_mean
Early,mir,1.0859498578434283
Middle,mir,1.2439102575374394
Late,mir,0.27275179835474667
