segment,method,mse_mean
Early,clser,2.4289557004506364
Middle,clser,3.114902070171094
Late,clser,0.684584127727123
