segment,method,mse_mean
Early,solid,0.0364821329578819
Middle,solid,0.03261567431160623
Late,solid,2.2739600071043156
