segment,method,mse_mean
Early,derpp,0.7064266378883403
Middle,derpp,0.9383403838675973
Late,derpp,0.8420526164458805
