segment,method,mse_mean
Early,clser,0.5823492506664152
Middle,clser,0.8318598971539962
Late,clser,0.7521671269086191
