metric,mean,std,median,p90,count
ms_per_step,12.835811824970733,45.81305751342573,11.217399995075539,16.705999996338505,4000
samples_per_sec,87.84816397254185,20.61097008553214,89.14721776155575,113.88315370121116,4000
