segment,method,mse_mean
Early,solid,1.7631589489904318
Middle,solid,0.8793897205117074
Late,solid,0.7850690261351273
