segment,method,mse_mean
Early,acl,0.4645234496253744
Middle,acl,0.6239659404576898
Late,acl,0.5827905887451895
