dataset,length,variables,acf_period_mean,acf_period_median,fft_period_mean,fft_period_median,seasonal_strength_mean,seasonal_strength_median,segment_mean_drift_mean,segment_mean_drift_median,segment_var_drift_mean,segment_var_drift_median,linear_slope_mean,linear_slope_median,linear_trend_var_ratio_mean,linear_trend_var_ratio_median,piecewise_trend_var_ratio_mean,piecewise_trend_var_ratio_median,segment_q10_drift_mean,segment_q10_drift_median,segment_q50_drift_mean,segment_q50_drift_median,segment_q90_drift_mean,segment_q90_drift_median,piecewise_slope_abs_mean_mean,piecewise_slope_abs_mean_median
ETTm1,69680,7,1.0,1.0,30719.803227075954,23226.666666666668,0.5319208678185083,0.4573253958780031,7.71028912476446,3.886565870270732,25.435771656734516,4.540897162872085,-5.359883240683918e-05,1.1347346656825915e-07,0.0712639323692765,0.02472949925795568,0.38223834837978277,0.43286213560491005,9.87414290223803,3.482999920845032,6.776642680168152,4.186500132083893,8.047571693147933,4.1530001163482675,0.00030012497362373055,0.00027302922596795755
flotation,5335,12,2.0,2.0,2667.5,2667.5,,,2.290219706759146,2.290219706759146,1.8892737542109914,1.8892737542109914,0.00011500962066657923,0.00011500962066657923,0.01640767903022896,0.01640767903022896,0.37983166308763244,0.37983166308763244,1.9727811799999984,1.9727811799999984,2.797215335000004,2.797215335000004,2.140445726000003,2.140445726000003,0.0027657238127080995,0.0027657238127080995
grinding,21600,12,1.0,1.0,21600.0,21600.0,,,18.35566842427267,18.35566842427267,441.24591157034513,441.24591157034513,0.00082191003892136,0.00082191003892136,0.14281967951162883,0.14281967951162883,0.36994286607099497,0.36994286607099497,54.367993981,54.367993981,7.985764950000004,7.985764950000004,2.736796006000006,2.736796006000006,0.005933829975959232,0.005933829975959232
weather,52696,21,1.1428571428571428,1.0,26998.232714025504,17565.333333333336,0.22719423398038632,0.2095268416630636,73.79639108862678,15.883453915584482,95960.14856423292,67.17319122921985,-0.0001529033956079737,5.134217296364965e-05,0.030807870792963536,0.02026535489239571,0.3594239149314708,0.2953841891439383,19.13523809523809,8.059999999999999,41.55690476190477,15.11,182.77090476190477,19.072,0.004055378219499427,0.0011512730606745261
