segment,method,mse_mean
Early,er,0.04295793254156153
Middle,er,0.04032988928677697
Late,er,5.4732398545127285
