segment,method,mse_mean
Early,acl,2.112306473093203
Middle,acl,2.6168573653051577
Late,acl,0.6042481151606882
