segment,method,mse_mean
Early,hmem,1.400571508820922
Middle,hmem,1.9007811471950233
Late,hmem,0.35068355122603163
