segment,method,mse_mean
Early,online,4.1973018955969055
Middle,online,5.464299240153351
Late,online,1.1174061213255009
