segment,method,mse_mean
Early,clser,1.4374207294871466
Middle,clser,1.900813935826828
Late,clser,0.36293030302445956
