segment,method,mse_mean
Early,clser,1.2496906180558955
Middle,clser,1.4863937162265817
Late,clser,0.283574711665378
