segment,method,mse_mean
Early,hmem,0.036536350853134704
Middle,hmem,0.032732324116450745
Late,hmem,1.7945121213419635
