segment,method,mse_mean
Early,acl,1.637157653394212
Middle,acl,2.00642473027173
Late,acl,0.43733016475566056
