segment,method,mse_mean
Early,frozen,2.0658347475434797
Middle,frozen,2.5670298538737306
Late,frozen,0.57304435467933
