segment,method,mse_mean
Early,mir,0.11013875594289174
Middle,mir,0.09292507012950242
Late,mir,14.762367398023715
