segment,method,mse_mean
Early,frozen,0.03648235981265528
Middle,frozen,0.03261582849185357
Late,frozen,2.309908901025686
