metric,mean,std,median,p90,count
ms_per_step,25.89999347495541,7.293590450458264,24.140999987139367,33.54012999625411,4000
samples_per_sec,40.09240493779059,6.918694973744789,41.423305029911475,48.1766812812085,4000
