segment,method,mse_mean
Early,acl,1.769643074985255
Middle,acl,0.8542811492627317
Late,acl,0.7621341284419245
