segment,method,mse_mean
Early,er,0.07362347421857858
Middle,er,0.06515115389473508
Late,er,22.92107215482497
