segment,method,mse_mean
Early,solid,0.05548187096456954
Middle,solid,0.049326236812128006
Late,solid,4.0834585983661995
