metric,mean,std,median,p90,count
ms_per_step,5.217459199484438,17.911227372836652,3.074599997489713,6.246759998612108,125
samples_per_sec,9626.069932337208,2496.5867169677085,10407.857941236814,12143.665546550934,125
