segment,method,mse_mean
Early,frozen,1.763261116713737
Middle,frozen,0.8794181009415876
Late,frozen,0.7851807658560574
