metric,mean,std,median,p90,count
ms_per_step,108.02949630009243,23.369366120948147,115.49674999696435,125.97664000786608,4000
samples_per_sec,9.866899465084021,3.070575815845778,8.658252288791392,13.821006637682602,4000
