segment,method,mse_mean
Early,mir,1.8136453247318665
Middle,mir,0.8996638263265292
Late,mir,0.8146101505933877
