segment,method,mse_mean
Early,mir,0.06354294541392949
Middle,mir,0.061285738183233976
Late,mir,5.115881366073302
