metric,mean,std,median,p90,count
ms_per_step,2.945895474901107,14.104365470770507,2.340349994483404,3.2872400028281845,1348
samples_per_sec,13206.127080920553,2540.250126431792,13673.168581637565,15787.03309510653,1348
