metric,mean,std,median,p90,count
ms_per_step,33.20650370754854,9.200305881306763,31.40720000374131,42.85217000142438,3992
samples_per_sec,31.356874828205626,5.821695871449193,31.83983291658074,38.41523354216796,3992
