segment,method,mse_mean
Early,er,0.7232632774873285
Middle,er,0.9555358213343395
Late,er,0.8306036457034564
