segment,method,mse_mean
Early,derpp,0.4531420686820565
Middle,derpp,0.6272244075691544
Late,derpp,0.5692001741781565
