segment,method,mse_mean
Early,online,0.621987978970743
Middle,online,0.8155230952361975
Late,online,0.7386535625461506
