segment,method,mse_mean
Early,er,1.1484938034493672
Middle,er,1.3665540554932607
Late,er,0.2750106531098951
