segment,method,mse_mean
Early,er,1.2016193277505651
Middle,er,1.4084974172191804
Late,er,0.29558947111077033
