segment,method,mse_mean
Early,er,1.8797174646896038
Middle,er,0.9050178495472638
Late,er,0.8954449621343297
