segment,method,mse_mean
Early,solid,0.46195695964880457
Middle,solid,0.6673410850363182
Late,solid,0.6954280011945589
