segment,method,mse_mean
Early,solid,1.720052393582579
Middle,solid,2.0032222055403754
Late,solid,0.42233518916600626
