segment,method,mse_mean
Early,solid,1.2574862271492442
Middle,solid,1.4815286072600515
Late,solid,0.2770522048988824
