segment,method,mse_mean
Early,derpp,0.13493463009957138
Middle,derpp,0.09522975595970065
Late,derpp,63.656882233144465
