metric,mean,std,median,p90,count
ms_per_step,28.114620688892245,7.321165843134581,26.316699993913062,35.83903000107968,3978
samples_per_sec,36.79529138774257,6.065598611384505,37.99868525427944,43.766806084567314,3978
