segment,method,mse_mean
Early,er,2.1504610761682073
Middle,er,1.0145026974476483
Late,er,1.0856459231638327
