segment,method,mse_mean
Early,er,0.5744858348391574
Middle,er,0.8006274653020514
Late,er,0.7299886594130977
