segment,method,mse_mean
Early,clser,0.04392406511146393
Middle,clser,0.0401887896624086
Late,clser,4.866595086735012
