segment,method,mse_mean
Early,mir,1.8615166785921342
Middle,mir,2.1356184436500087
Late,mir,0.572942658310708
