segment,method,mse_mean
Early,acl,1.8803923199506265
Middle,acl,0.905632657926012
Late,acl,0.8947032678032922
