metric,mean,std,median,p90,count
ms_per_step,18.93917725453479,6.704403836608625,17.65180000802502,25.039310003921855,3992
samples_per_sec,55.304705873476166,10.690769039480797,56.65144630203267,68.494793250377,3992
