segment,method,mse_mean
Early,online,1.8837838126975837
Middle,online,0.909372493500228
Late,online,0.9007909468461558
