segment,method,mse_mean
Early,frozen,1.7203756351794366
Middle,frozen,2.0035896873443466
Late,frozen,0.4223465001682546
