metric,mean,std,median,p90,count
ms_per_step,29.378697938611662,7.674014385941422,27.54665000247769,37.58051000040723,3978
samples_per_sec,35.23351770114146,5.907936673778234,36.30205509569319,42.10382721598762,3978
