segment,method,mse_mean
Early,acl,2.1532612310086443
Middle,acl,1.0166326694513947
Late,acl,1.0859135450232231
