segment,method,mse_mean
Early,clser,0.7327746936529708
Middle,clser,0.9732854878410094
Late,clser,0.8614401275283905
