segment,method,mse_mean
Early,clser,1.8803904301394272
Middle,clser,0.9065020247083228
Late,clser,0.8936264627669364
