segment,method,mse_mean
Early,solid,1.8794189532009506
Middle,solid,0.9344195487740009
Late,solid,0.8790402221376836
