metric,mean,std,median,p90,count
ms_per_step,5.88883600034751,23.42586076763808,3.496999997878447,5.092099998728372,125
samples_per_sec,8754.30407933157,1860.0492956935284,9150.700606066255,10536.716311626074,125
