segment,method,mse_mean
Early,frozen,2.1210426019232083
Middle,frozen,1.060202210846514
Late,frozen,1.0570329033879113
