segment,method,mse_mean
Early,clser,1.8839355219243064
Middle,clser,2.3406974799634215
Late,clser,0.5114481043534898
