metric,mean,std,median,p90,count
ms_per_step,39.586636173969964,8.917764600153479,37.46450000471668,50.270939999609254,3978
samples_per_sec,26.156535744999612,4.522449210561807,26.691935028659834,31.69819266494275,3978
