segment,method,mse_mean
Early,clser,2.1581814041497505
Middle,clser,1.0256998857422268
Late,clser,1.0882330797199664
