segment,method,mse_mean
Early,derpp,0.5679665126897959
Middle,derpp,0.8225488383333418
Late,derpp,0.722780200099494
