segment,method,mse_mean
Early,online,3.248344926622566
Middle,online,4.027898368817513
Late,online,0.7331677744127039
