segment,method,mse_mean
Early,er,1.7690467426045375
Middle,er,0.8546634579359582
Late,er,0.7612183124237858
