segment,method,mse_mean
Early,online,2.066133000609977
Middle,online,2.415355890147934
Late,online,0.49737558668175585
