segment,method,mse_mean
Early,online,1.5873679257494888
Middle,online,1.8853413967472135
Late,online,0.36132935698193375
