segment,method,mse_mean
Early,er,0.13619643037210571
Middle,er,0.09608396087859336
Late,er,69.55892563857167
