segment,method,mse_mean
Early,online,2.1711359069932525
Middle,online,1.0343373711791914
Late,online,1.105570829496151
