segment,method,mse_mean
Early,derpp,1.8772976685403058
Middle,derpp,0.9039487834445618
Late,derpp,0.8919534219020158
