segment,method,mse_mean
Early,mir,0.040023459422595116
Middle,mir,0.03879237783209352
Late,mir,2.897370191147486
