segment,method,mse_mean
Early,mir,1.501833473467356
Middle,mir,1.7035114606853123
Late,mir,0.40787809015176896
