segment,method,mse_mean
Early,solid,0.6499093846989957
Middle,solid,0.9544739624559355
Late,solid,0.949061224418062
