segment,method,mse_mean
Early,frozen,0.46199426773696584
Middle,frozen,0.6674369035026185
Late,frozen,0.6955701797481483
