segment,method,mse_mean
Early,hmem,0.3874749116379776
Middle,hmem,0.5159253281574008
Late,hmem,0.5057409699538409
