segment,method,mse_mean
Early,hmem,1.1299596907145382
Middle,hmem,1.3208620076686841
Late,hmem,0.2765252458760328
