metric,mean,std,median,p90,count
ms_per_step,111.76894132739405,24.14088131743117,119.9864000082016,129.34974999225233,3978
samples_per_sec,9.531539200123452,2.9259267620510307,8.334277884401988,13.710966525549576,3978
