segment,method,mse_mean
Early,mir,2.1409146116092437
Middle,mir,1.0181570329106862
Late,mir,1.107691661338408
