segment,method,mse_mean
Early,mir,1.898840191265626
Middle,mir,0.9331943399315995
Late,mir,0.9309146516518846
