segment,method,mse_mean
Early,hmem,2.107196802341538
Middle,hmem,1.0266353671367352
Late,hmem,1.0532082999008106
