segment,method,mse_mean
Early,derpp,2.146177553238317
Middle,derpp,2.6588399280053046
Late,derpp,0.6062413213281876
