segment,method,mse_mean
Early,er,2.062662571532327
Middle,er,2.5119458479845003
Late,er,0.6062573817343645
