horizon,metric,value
1,correction_norm,0.2361321113165468
1,mse_improve,0.0015409434074535966
2,correction_norm,0.23258447975851596
2,mse_improve,-0.0013431661622598768
