metric,mean,std,median,p90,count
ms_per_step,32.85973405005279,9.346386734842463,31.07464999629883,41.78734999295557,4000
samples_per_sec,31.60576252098522,5.5478359316638395,32.18057165140452,38.48024579585338,4000
