segment,method,mse_mean
Early,hmem,1.7365631494332443
Middle,hmem,0.8604905205129674
Late,hmem,0.7671575527062968
