segment,method,mse_mean
Early,solid,0.08641470624181158
Middle,solid,0.07503879932660112
Late,solid,6.691581395803611
