segment,method,mse_mean
Early,clser,0.14687321925564825
Middle,clser,0.09979602757196923
Late,clser,41.73733165433962
