segment,method,mse_mean
Early,online,1.7714698480611497
Middle,online,0.8567561688522498
Late,online,0.7625763927805511
