segment,method,mse_mean
Early,hmem,2.058472270015727
Middle,hmem,2.503636214770185
Late,hmem,0.6475308671539202
