segment,method,mse_mean
Early,acl,1.161932529642085
Middle,acl,1.3853374233728724
Late,acl,0.27458234590742453
