segment,method,mse_mean
Early,acl,1.2237754230625735
Middle,acl,1.4475643384551518
Late,acl,0.29107264977285524
