segment,method,mse_mean
Early,acl,0.07404813877224149
Middle,acl,0.06663732125575346
Late,acl,34.07513206026385
