segment,method,mse_mean
Early,derpp,1.1782027884719881
Middle,derpp,1.4050144046890836
Late,derpp,0.2918162548505408
