segment,method,mse_mean
Early,derpp,1.1457040255039859
Middle,derpp,1.3636235086829624
Late,derpp,0.2675838595049557
