segment,method,mse_mean
Early,clser,1.7676061889213144
Middle,clser,0.8537264797159216
Late,clser,0.7591514566584545
