segment,method,mse_mean
Early,er,1.6403693215715323
Middle,er,1.9441862741083884
Late,er,0.43001428154989524
