segment,method,mse_mean
Early,clser,0.0772753087988293
Middle,clser,0.0667731901863328
Late,clser,24.762000912476612
