segment,method,mse_mean
Early,frozen,0.5049605807615654
Middle,frozen,0.7501333324787203
Late,frozen,0.7226341744154939
