segment,method,mse_mean
Early,derpp,2.1468074552760257
Middle,derpp,1.0142247659371995
Late,derpp,1.0878964196573957
