segment,method,mse_mean
Early,hmem,0.4409977457280716
Middle,hmem,0.5782964565956694
Late,hmem,0.5205063736840791
