segment,method,mse_mean
Early,derpp,1.6257824985753433
Middle,derpp,1.9367398213178497
Late,derpp,0.42356231594018307
