segment,method,mse_mean
Early,acl,0.04304321133015052
Middle,acl,0.039607939024052526
Late,acl,5.442233764825539
