segment,method,mse_mean
Early,derpp,0.07234870467351218
Middle,derpp,0.06458208958367535
Late,derpp,24.324835846760582
