segment,method,mse_mean
Early,derpp,0.041744565718856624
Middle,derpp,0.038938271422805766
Late,derpp,4.363716165853052
