metric,mean,std,median,p90,count
ms_per_step,7.068064000573941,26.188992381839885,4.22630000684876,6.841139998869039,125
samples_per_sec,7166.7673741000035,1756.8670711448335,7571.6347509982,9075.130765914453,125
