segment,method,mse_mean
Early,frozen,1.8794790213544348
Middle,frozen,0.9344443975521383
Late,frozen,0.879056934097203
